House Size,Bedrooms,Bathrooms,Age of House,Distance to City,Price
3402.87173939484,1,1,49.20616265267027,21.145605815716753,369528.31492856774
2543.85740490635,2,2,95.47240544498212,14.6839554647592,243850.37933748
3641.6265768761823,1,1,40.248202689360724,5.965466442089774,604153.0086244508
1740.9112431602036,3,1,84.88353375568319,22.33546022376398,231299.9237213959
1159.5036877729062,4,2,15.492289619329846,7.589342380695662,255012.400153785
1292.8477447269547,3,4,10.708224876211602,2.3281557141612517,248887.6800563182
4405.654283035834,2,4,99.39837645851088,9.208589875933047,548250.3212567943
1321.5650533406622,5,1,20.62873545591044,44.732942493067995,164628.03676611377
3566.166070686732,2,3,88.6009805561095,9.013961468738326,405832.0388515626
2739.357623897973,4,4,52.593184042811224,13.374497196379036,409908.0434098981
1507.6687760874115,2,3,46.620400468738964,15.48101425236351,219072.23775415347
2913.9958428558543,4,4,89.4090815691165,7.043633663867022,472326.71209403145
1418.2840490120702,5,4,84.73458620620153,26.938932489307042,82854.32256149649
3870.3886199288545,2,4,12.291956874554044,6.192103860028579,607139.7516345308
1708.2353084572449,5,3,22.260776819071815,45.33404651021566,248622.76361076607
4595.9883579586485,1,1,39.23110219159038,44.81232450834439,597529.4818021031
3219.050507031047,5,2,92.917526169829,45.50253703848498,389741.7970214643
3931.622322578863,3,1,92.03413914426343,17.708692110571484,534957.1329848453
4151.334329068676,4,2,52.043165980553894,40.507201997136534,527033.56906939
2305.2629182323394,4,1,64.39324091909812,1.36454957822013,367652.9621319747
1751.6871955445397,4,4,4.1232766105718355,13.617229036840113,241557.2550570339
4201.4583461705115,4,4,11.271033835306765,39.06022187659919,530195.0690484415
4735.497573097764,2,4,81.87001459108154,40.54925718102832,530546.7824246801
2658.8597690098004,3,3,60.56327559587857,17.045043189033716,405779.27664309193
2849.8948241789067,4,2,4.585306084213414,29.15177290687085,363214.60266285075
4784.497373780794,2,1,82.88381779743808,8.306578749027619,674207.504274714
4498.301471024301,2,4,70.1870559311905,7.575849688180654,681303.9619951859
1334.6073496783313,5,1,14.681948161463243,47.423456438459574,163459.85979602605
3372.611649343028,3,3,44.62655529186483,32.95067944016743,421175.0964198218
1621.5141981551792,1,4,6.823695991260537,18.09995799847002,220318.1759601182
1200.4695921103275,2,1,7.569683272664596,42.652863861437666,145404.5959698216
2941.68559317744,5,1,11.034306095283753,33.819149839999284,397430.061472976
2778.6314785073446,2,1,82.25078684927495,25.72765202591686,357083.7562665855
1435.5433921799822,2,2,32.96989132946899,22.387247058405322,119726.37708802297
3710.0283282794576,4,2,7.306814038296128,48.37406673995935,500499.25846013677
2105.3223166975918,3,3,65.50884179311025,1.2456394940034674,297863.7936913803
3407.5844666930207,4,4,15.260477331637489,19.8215588220078,550987.0315900227
2093.8035647553947,2,2,34.242668644487054,1.0456112046114807,329769.81457212503
4705.649869669638,3,1,98.25657379853678,1.8448470798050753,682990.6074374368
1071.3739127546744,3,2,44.92793341541558,35.0531173596042,76498.24576635504
4898.31401029705,3,2,55.456142975318,25.854307180938644,668483.7496391949
3024.69109523817,5,1,89.31627530825989,47.96257256315758,364032.94649358245
2482.1006421851007,1,1,44.319551076065736,48.06648112771477,131581.3113330851
4297.239123402815,3,2,63.44529276221627,42.512942260516354,500412.7435407674
1787.270295575647,3,4,94.0590633409061,28.43548586360309,118953.75145953808
1220.0357299972336,3,1,14.200489998207267,35.700176114394985,2104.9354742252035
4283.21781080777,5,2,76.12886447264957,33.236424282602876,585873.1585041244
4775.472069177606,5,1,75.41691944760379,42.867316653933266,612012.5537538294
1511.1094043742796,3,3,2.3271411500470074,29.390997357757914,188741.49223673544
4398.25780760738,2,3,61.09926742761316,21.840561431526876,524148.91750808916
4716.0301422112825,3,4,70.69513280808701,7.974520894918345,676359.5892084499
2011.1983762729894,2,4,44.397497964482966,47.20438133140785,205269.94313884387
4756.669241171006,2,4,33.1170066314045,18.790816425824005,654578.9721574889
3156.838014106163,2,2,80.52808265152431,18.41148110985642,404767.1645965001
1753.9903354089538,4,4,43.69983764336004,36.92491592721344,246992.82986228963
2269.148452964516,5,4,24.748052378427644,39.26137516418118,294524.755620434
4456.352952236764,5,4,36.57783174055652,16.84529120410329,675034.50744705
3839.6000791579745,3,2,65.34768070642262,47.8636035280676,505324.2217946884
3791.25580360372,4,2,6.385177630614669,4.335807480610419,788918.7070571452
2436.4635764645927,4,4,31.164284879164803,7.886714003546411,422881.63440837216
4995.029808445259,3,4,52.89050729640324,1.6628918507641521,800386.1203845831
4782.981504114853,4,3,90.12731123180694,40.41907616088415,671392.2779338774
1864.653914599427,2,4,92.22370365911397,21.704700974975506,183720.05772892514
1369.7903657750749,5,4,43.92650838836575,37.52547041710778,193881.3307573826
2049.677444518996,4,3,49.656176300466456,27.440788055726884,251186.20171662467
2509.202414409144,2,2,93.29629329972396,44.315892719692236,180926.89198036966
3484.418519316666,4,4,35.736252457611364,34.49576629911159,431536.5685155022
3773.329887116731,2,1,41.75568313450766,14.089791747514436,539169.1454309372
2631.325978830643,3,2,40.9779514650874,18.91135237426082,393016.8636074472
3682.3583771309723,2,1,84.1318252368352,14.450500203202328,493157.9123865422
1739.0137539617344,1,3,30.79649803108736,15.956606558186547,198225.63179145302
1560.1243800596403,5,3,50.281805838428106,40.69332560914607,84744.1233208378
4476.576933969349,1,4,76.36034690123016,15.490435773512926,652453.3635629553
4806.032779003828,2,2,72.5095814216117,19.004771739111973,554815.0424734191
2550.754062940455,5,4,36.94069372434271,11.09078831424857,426123.97934183694
1908.7769480446632,5,3,46.53742042388795,21.852204221663207,232632.96951108598
2796.76770419512,1,3,66.1951327526398,13.828755485072001,347873.5045026551
1187.5777514790116,2,4,47.39418123591332,23.038775590876764,201071.69060631937
2261.753234529153,2,3,29.96793460406022,13.564866968403033,331268.68842586
2207.6309108080704,1,2,38.94710787060641,45.05609193135391,242653.10764337197
3354.6178290193957,2,2,66.25150131410415,5.792675384632443,529113.5900390921
3076.6942138623585,5,2,12.743142042008982,11.442718810475997,507909.7418893976
3988.0233414957734,5,1,50.284153282080865,2.5673132568810173,730070.8549176499
4246.769667509786,1,3,78.99626608057027,42.41987376715186,516124.9049389519
2586.0692236767945,3,4,79.03281696609386,3.567592463001059,359278.600200305
4117.823503345269,3,4,48.73098804341265,45.876033572483486,491773.8432537373
3061.1420530177697,2,4,51.82492407074224,28.15147871598791,396925.9911621225
3240.8907893255227,4,4,97.2189185094377,19.05956793318584,456410.042587298
3444.176032170537,4,2,67.11149473395483,2.840096223423184,529147.6055453945
3589.4527912356416,5,4,7.616282944158781,7.65227436160702,554017.428794825
1795.3376869570288,2,2,60.20781993478677,25.803682429794215,238364.9201206154
1705.5132483424397,4,3,38.6341434918432,41.01607706892649,252157.81226291438
3895.2340456631186,5,4,8.647133446186018,35.4938477266858,571219.8331913961
1912.0323184429408,2,4,57.18808478039436,41.38864875863095,146466.62422755588
3196.788074425414,2,4,20.42092939617567,11.483268598301233,483796.0377215575
3970.645767623331,1,4,31.127840504993298,42.147981476033294,418689.8108333213
4070.589426149675,2,2,13.48764141397254,15.095841351830101,634666.8649145496
1259.5356776464537,2,2,79.58703430593617,26.426161905082544,205330.60394236242
4364.710987111372,2,2,95.65741424476113,3.9118617164638705,547014.7723968531
2899.789506244716,2,3,18.964643481670407,12.83950361795876,418290.87163576024
3106.7156563842805,5,4,4.1613777112614825,3.1005760246645004,586507.864789326
2947.707829317437,4,1,74.07696643865668,1.7670466059993113,428519.88559342537
4803.429260846995,3,4,79.6810242801,33.99053375876351,590320.8283284791
1125.3270491123142,5,3,99.57282849141134,17.999683407719658,172780.00693249176
1795.6108232669094,3,4,69.0237470926473,13.482962364288493,229800.0492963711
3813.5031703310633,3,1,62.75571746441536,10.550368015479028,551885.9380100936
2511.58339014183,3,3,40.24594638941057,29.575961061539992,404514.52594053943
4702.539076827412,5,4,60.09957270654578,31.347664386541897,733587.6409384817
3930.7879058507683,1,1,31.590296951724618,4.280875666186491,572422.1959666932
1307.1908406556356,5,2,69.75289711895599,17.859158469770275,206111.17347851917
2075.1324317741464,5,3,79.71364748828455,28.03251629312433,284685.7501232876
2147.898729007592,2,3,82.22697968475707,21.66101529564501,168091.06629461003
2795.655144209583,4,2,71.38000709105442,36.897188981680955,293669.8569277708
1061.6005724867077,2,2,71.26183751234917,21.33017598566085,130762.06685661405
1726.8894827414276,3,3,41.987621777599415,21.381719127271385,287615.6686320934
1412.3605285848942,3,4,43.986879639751365,49.24861975596656,134813.37947932788
2929.7223249117715,4,4,75.63326183460616,6.745427732200044,480581.94921381614
4727.681226989982,3,2,64.50864508038303,14.816222515318392,739672.7835345231
3880.2822376526738,2,3,64.25300895982572,6.833361032636242,432552.26282919454
4815.8175622613935,4,1,29.10683572031536,42.73665188081845,660568.4971474654
4953.754837207953,1,1,10.880823888587532,30.84662722985465,706286.6418363698
1368.9180855983634,3,1,57.16177920990041,45.87629161500707,39140.880353579705
4105.093729067726,5,1,11.258455740433904,4.488509928632592,711691.9493977149
2118.6262618853534,3,4,73.86834657115907,4.242248736599077,309588.02040996635
1949.0760962855802,5,1,37.267778540889374,48.980277027422446,221053.6370285287
4066.545093351012,5,2,74.51480570856319,17.63027679079172,508553.63165057567
3097.8665455978394,3,3,85.9106446514583,22.20544932126644,431247.6385405
4721.973160863328,5,2,62.07522157960228,19.29847370868866,670351.8937025914
1711.1566663376034,1,3,27.958948777200366,34.87602335082669,140767.2990415822
4930.407470948206,4,2,33.31956283437412,21.926776058619566,776249.0251346927
3657.9249431382286,2,3,19.32661940844441,44.44321121704754,446388.9830589451
1371.1798510986882,5,1,76.03646056609756,48.37643322646694,170500.20496572577
1502.4164120417324,3,2,14.03568341729715,12.144196347561959,321848.4387441729
1463.2235111980308,5,1,81.87929212254107,47.753755555366546,59206.12603121924
3142.619434450476,2,1,19.265651200226152,40.664882028300276,450519.6772772041
2936.5428923516843,3,4,24.667109543508058,47.11115886422761,303532.36905655963
3576.6024144630237,3,3,47.569586535779365,3.8063592629413936,540907.5529676544
4667.768182506909,3,2,22.644924056521077,17.431171046470613,685289.3611409747
4615.535638261421,4,1,36.391291932100685,40.26440915212037,592327.3323398425
3173.8716090543853,3,4,11.192600263958264,33.52821180316664,428083.58172064065
3118.728031717557,5,1,8.127285520161987,20.798482874772795,446361.6044203846
1305.3582783143338,2,1,56.514820884746264,13.732890690951582,168315.71910944613
3408.3931800974633,3,1,33.520628895151475,49.34061096581305,322815.31692661333
1334.9873958323424,3,1,86.70571674413137,43.96423986533332,79073.0525740028
1718.2934284715138,1,3,82.896023086095,23.542007118950725,132462.34385503602
3749.2713627317735,1,2,58.95303556988368,10.79409167787011,471682.54578774667
4849.335244360538,3,4,90.54025076075175,13.854947642732379,698238.1177458749
1970.4691972577018,4,4,36.09869750239725,38.748072523152835,220207.8316549312
4818.604970498948,3,1,16.779380492448837,19.264597217234463,744709.0404526055
4932.938967807375,3,4,83.76401726360952,39.94251829856906,621932.1568491651
1187.8608875696552,4,3,66.93984042823215,8.273742881239029,219888.26225869695
2416.9154497023783,2,2,89.35840739270313,26.557420837883793,288078.5282495795
4658.864029411221,2,3,35.403868324629805,34.81297619153581,619016.2307506582
1307.6978113132536,1,2,1.0951087136914395,31.43177097956889,191347.5998296199
4286.324298883554,1,4,39.53176654667004,9.595850578898423,559693.9154864617
2526.6516220969456,3,3,45.89649268513747,21.064245865822922,336246.037195689
4335.870604707814,3,4,96.28015177204226,41.92741276558666,391634.9628670762
2541.570674969338,3,2,96.20311011859778,8.671965138491922,358743.12900899147
3235.1881305943953,3,3,36.124845668423134,8.049596249249385,410540.8150866335
3544.5031199024497,1,4,54.69790230652548,46.17768686342858,365921.61050660675
4633.275689414766,4,3,36.953486335490624,29.3647849145908,679999.8952972749
3272.377511460174,1,3,40.5361017728904,35.989391454551544,400348.261541889
3743.6081396039717,3,1,20.90729698237146,30.449774607272293,515259.27425213484
1682.3944532366736,4,4,86.47820070592289,39.07179468173082,127364.52688146709
2601.773566369674,3,1,77.75885904171403,31.775895060222354,345880.9551021139
1228.9298746529912,4,1,52.07124304727987,27.491908554175453,168127.618140091
4098.531808719391,5,2,32.99434259432433,26.08618741714841,674760.7050095324
1135.1167178350324,3,3,53.207364660370814,12.634565000101507,129245.21679021852
4153.025271569508,4,1,10.616413132936342,41.88217454156113,512911.5747406788
4937.673928792316,2,2,36.321639855857,30.813432693786645,678852.28141977
1584.9346293007516,1,2,93.70259043625212,3.321376916568237,110452.69762428926
1889.9079041005025,2,2,77.28854436012845,13.41582854274136,182875.11853590934
1985.900332035774,3,1,66.24606001807054,40.02008285071791,176325.92992645127
4930.393329046373,3,2,58.989122137026285,5.153632451939773,772999.5608150596
2666.701155029483,2,3,73.44291267668439,47.48214234572372,144743.325056474
1967.6696993910873,1,4,60.585776736149036,46.92280974876009,133322.6088084192
4202.4434837815315,5,3,34.06673794199311,38.128969408234326,543980.2797231496
3248.7245792866547,4,4,85.53328631190259,39.25782390652962,387489.2880414769
1795.1723584520187,5,1,97.68005431665067,43.41709410227692,119563.16540678912
3528.147649548019,3,1,39.61624257362817,11.95407911421309,526153.7334139342
2520.0333977072046,2,1,26.814499074162555,14.613712512187426,409451.4054735842
2045.921067631744,3,4,18.018303376312417,21.924871674825926,329673.154616765
4262.771085896222,2,4,67.19496941798559,28.690751926330577,471561.4227334798
1948.5396441523453,5,4,18.319204313438743,22.51246426243357,392753.09355185705
3947.967246009591,2,1,40.83566325516935,6.131823688094544,461031.98518283985
1997.1207869214127,1,2,43.467736689438254,40.647092317257645,141705.74128774123
3990.536780142599,3,2,55.48936470242863,5.720663528929785,674149.4492018583
4095.196169509908,5,4,10.693807047575588,36.39329146516349,650358.8903802539
3220.1439861342033,3,3,79.79532600753582,38.58342182601673,308467.30119282776
1338.3023048714663,5,3,26.80142211782446,14.558353564762687,95486.79340510737
4774.519449245962,1,2,14.914816728942181,38.89415716525008,592052.349627415
2879.090121646473,3,4,35.284589555773984,4.823973699656989,468610.15091153333
4751.051428801641,1,4,10.715047160833057,1.4146612493346034,701410.5980311367
3151.222148911973,1,1,70.4245100726577,45.38821877596402,276590.5894479973
1632.0290496826933,4,1,30.45605828694058,44.15869957030685,260102.381885577
1761.9901609460355,5,3,75.9056158247425,42.90110580971218,165270.30277271254
1379.021475450662,3,4,46.86616631541085,22.74201438757866,148602.17509330434
3843.0069576815276,4,1,79.75041477967984,46.42288445283395,474761.7023673845
4331.1965578040545,3,4,3.3250841032624323,35.97317988012934,593493.2579757202
1788.6170636466954,2,1,94.12070201571184,1.7133713137034965,144570.4122328856
4186.915681621931,3,1,57.13807902992071,8.887233555960687,641680.8324861847
4674.939022214545,5,2,1.6391694400748502,16.453143093195823,747299.4784303752
1215.3979862682354,5,4,80.33220659930149,49.30577192241374,59635.562573411094
2642.326251482031,3,4,84.48450277116541,31.88315667764797,344280.12737276015
3867.0262509525123,2,3,8.552863970517144,7.729945292340455,572037.0718990824
1512.388397004935,5,2,38.01895007671998,30.475897017671635,199703.34622312995
2497.9888610182406,3,2,0.76128072117706,28.604316194427867,324566.4618610604
1765.4893195170102,3,3,68.20755142282266,12.614357922160163,241774.69029714013
4189.347939943016,1,2,8.169072903846752,34.08751650908814,630931.5668612281
3426.692808948852,2,1,16.40889583692493,8.538749069189494,545054.3904677667
2456.491814185194,3,3,73.87646559552007,16.57283819465564,299231.6107313654
2708.4464403306656,1,2,23.083935378214626,47.997829978793675,274130.65612095036
3546.5826716037604,4,4,59.099133509613985,37.093381059683445,513223.74681967753
1109.4874188331642,2,4,89.6489977044427,14.563595844020579,83830.11410959404
4767.358164335796,4,1,63.509658979858074,17.873156998628726,740784.0108944672
2358.6752419481204,3,1,48.18260766565,26.01451580059829,334665.38939644984
3463.7588315263265,5,1,4.752423091666802,19.060049784240448,653260.9636747749
4316.414149053884,5,4,97.95446102576075,1.9500842040512771,758890.652958548
1283.2016363759333,1,2,36.53141258991016,35.20190336395776,74862.5700162169
1869.5681968524789,2,3,25.346858497885872,32.058927958575325,246811.33768930013
1730.4400120487694,5,3,41.666623509525294,32.233889531199594,246891.27039965897
1585.447244875157,1,3,18.389476638466384,46.54749646472074,104432.78330380748
1990.8427722562965,4,1,48.615986173275296,8.378484610652444,342681.1572015379
4921.05449345572,5,4,87.76868740812854,19.22104627143421,807478.5811799457
4716.8441261398075,1,1,6.94027102351461,41.538235388546894,582519.3964998847
2758.5118223085174,1,4,15.908862230858778,25.014428627288776,237290.81161765064
1175.8965412445655,4,1,62.0652643863649,38.90979329798385,57539.229887536116
4783.18370473773,1,2,32.95164326512996,31.914562261985232,622494.7502150144
4751.885266702751,4,4,18.827935891616587,16.92860749273592,734459.9462235041
1696.829754114989,4,3,64.99313249581259,24.71264144353992,169815.72181915268
4862.941058994247,2,4,93.03994650563259,44.349685936620936,596661.8642182663
3336.17659304689,1,1,86.45320809402634,16.249328383896426,339968.3868338136
4080.193266890988,5,2,97.18185184691207,36.17871796482018,445957.114757133
1845.8342932745754,4,4,38.62182706935633,48.21903650719439,202800.06151660453
4502.889922265264,1,3,93.79972700425967,18.410731747513957,590043.5982739212
1031.4417150396387,2,3,7.346944292868174,23.492629486018146,163996.34068498362
1686.9608630602593,4,3,5.998450125311172,35.79074976962384,236240.41170266588
1229.5351077243827,4,2,77.43451407276831,45.4373952884198,111340.26310138292
2128.4000302511067,2,2,7.9697330276048195,9.983063615096595,393408.1487883284
3648.127109835346,1,2,36.25048112336241,46.78397042327492,386339.50597810146
1553.700509234591,4,1,55.18525675623651,46.89253580507407,151822.412055297
2732.8909099985467,5,3,96.64461652442343,11.805498186391453,348176.7175388473
1249.3342141772969,4,1,75.11075823539913,45.09159910085498,102968.89603662438
2200.9686852016443,4,4,60.909625546115265,11.377048910499559,366190.4082669706
3736.5485459442766,4,3,83.71877831110035,45.286946841161395,499792.90616719134
1074.663093074156,4,3,21.539317710410533,24.677881855872403,125398.31530592666
3901.5065827430176,4,3,11.232461636964864,34.92545088145911,563476.7720368234
2347.7931536828846,3,4,91.91126364281259,48.99884310594903,191366.04232798924
3168.3276483989584,3,1,70.28020233125655,49.04110594628932,310270.0174912573
4539.8908448242,3,3,64.20303992710244,38.335533346750054,570954.9546085875
2653.9846540143944,4,1,95.04660146855089,25.31540791008651,313709.9659026585
2931.5257522301854,3,1,9.861001938487568,14.011175574951393,480428.03535494
3388.0307123676307,2,4,54.28851902688289,49.62621102044787,290725.1606389745
2212.8713203069665,4,1,7.32759955765574,26.349166635831562,300266.7133264077
3581.34354925556,5,1,66.0670741454703,19.913047863870435,427030.7167432051
2238.039972459158,5,4,30.774055489300846,30.60032437908744,352307.3990840826
3906.8805304265093,3,1,71.25996754138271,18.248769686802152,597359.431070789
4048.1977671016666,1,1,51.588137097509126,8.25141491772236,552691.0553378592
4114.802658989364,5,3,29.822671654927348,22.781708187675953,651556.1678262749
1743.030942722115,1,1,35.860079936529466,11.512034943427132,172415.9119540565
3584.165050171321,2,2,81.65998291775553,46.21373284478922,392882.5891600751
3860.9176953949514,4,3,92.40265586382648,34.82105453225058,481224.26739180484
4930.148778456723,5,3,99.13670671633342,49.29197083420125,549234.2010450892
1790.7492179944709,1,4,95.453643269613,30.862776663536433,213135.7921773434
3732.8856361708426,2,4,8.98408827760826,13.137974234470766,532965.3688038646
2978.1948933191647,3,2,66.79253946573266,42.50155473058414,284793.964046169
2091.4398665326826,2,3,54.93238881088946,20.070766750539583,220747.49098610872
2360.16734924488,1,3,36.51532793309862,34.36343784796039,265470.1183958738
4583.125295102063,1,4,24.17377918254059,37.46471361723594,603682.2418348107
2712.6109632594334,2,4,17.913145688830145,30.129947425702646,411560.73324673576
4223.798889019474,4,1,83.65594948872136,2.205675519724666,634774.4471502365
4789.039431940363,5,4,57.5119963895242,23.246858857146776,738000.5526318375
1136.9426827125624,5,2,87.69704808522904,36.44947256271344,78189.85688373938
3483.1671650055987,4,4,88.88183760847485,44.64733886407551,370748.0754193368
4451.8535340194885,2,2,96.08343427657627,29.00099674487555,460370.74229490675
1844.023915912297,2,1,50.012244315233325,23.455436049949093,155837.6413635797
2544.145586295379,2,3,57.173772513479015,42.281143063713365,207507.56676942043
1961.3877654858493,3,4,55.38512672481658,28.34447518588038,211985.44054952788
2532.036688406982,3,2,54.16719421858461,31.395687579884974,289871.6415724074
2359.3020939619637,4,3,82.84127340217616,4.579953939977366,407375.1041387203
3738.262909229249,4,1,90.38672870389662,10.685963198188778,410280.54767431907
1079.717950336124,2,3,86.59509027696465,33.191950188273765,145260.55334800133
1609.9136646074803,2,1,74.99530704317456,8.048511229428275,238099.90848249602
3885.3732987474536,1,3,61.90155294686737,3.443971665691665,529283.1030919313
2343.2241672380987,3,2,66.03509898412048,45.903749987110785,311800.7182274115
3649.0482939687417,4,2,31.836492869039123,48.65518760369819,491840.8428718141
1889.5021596682468,3,1,95.47125627101212,34.796401078794865,149918.66201441776
3116.3701983376977,2,4,19.825308464661738,28.781284428960074,404905.26516811544
3053.7264661284353,5,3,19.490199168643272,5.119726009351392,541133.8145052203
3148.3324115416563,5,1,29.63137996253351,29.94533484803102,494152.8644922631
2012.1921701065007,3,2,78.00184203585012,46.781601762821914,140209.67421208977
2530.817156046838,5,4,16.43294825495547,40.27830420919892,340270.27892468375
1238.5060578962355,2,4,3.2458132603696233,31.315578324810872,184626.22207443317
1760.3467103856194,1,1,69.53891082940534,9.45600508879743,217356.68536025
3559.634079797896,5,2,43.1863544725646,23.964519389890363,473507.0047267921
4369.348238405898,1,4,47.584360360626846,3.9370595744709886,667302.6125025095
2075.966578430566,2,2,24.793798705188408,20.822855725077257,253001.37521990828
1328.1571112837867,5,2,42.18776664112972,13.082561701999722,220783.9540955334
2855.986216335814,1,4,97.54336405751121,16.49692445875612,223332.80420178152
4842.1363024662905,4,2,0.27638504547985443,49.96173062295479,753347.226035076
2774.9226892852316,5,3,14.158528867472208,21.493913002227057,444974.46224070905
3982.71077873579,4,4,54.56706154633696,14.516899848793017,571625.7021277111
4206.321596350679,1,4,76.37417876594859,9.24701336231427,581093.2052417237
1987.2298775197894,4,1,22.652848117109293,20.09753773986119,344833.8035888946
4917.690319005093,4,2,85.31760532411968,43.51121645327095,632446.8426322592
3365.9665151489316,3,3,68.57461010131937,31.523813552283766,399519.7897203175
1161.2826715708527,5,4,6.727983599566157,17.868325148413586,166354.99348162836
2093.7398269496234,3,3,12.600434987239783,27.485709415041136,375076.1625086166
3257.621972739401,4,1,76.2299707684465,13.499288384230224,411929.5275163189
2288.8378979718855,1,4,57.810638801751935,24.957903630100155,179037.13985913506
2330.3493125882837,4,4,94.90804979755025,17.30439987131694,260367.00120389223
1559.04557358406,1,3,72.25378312217124,11.708211052927627,125568.64819344436
4243.23662868287,2,4,8.06182219762086,8.286540071598761,603332.8056623521
1607.8100012725347,5,3,24.13197969518007,1.2491459871293453,300905.53520463215
1052.049883993216,4,3,51.796140201597204,22.82280104877299,208711.27486753635
1886.529544469158,2,3,83.26756599237056,21.19834021673109,286239.5448737846
1525.5995102225559,5,2,21.12683045775199,45.29553625147475,251024.04173906002
2998.9742466769517,1,2,12.228663807085994,1.8261169027380537,463174.5371720589
4154.592685754091,5,1,14.497554888037566,47.72337648226378,598589.1539440134
2827.898664832673,5,1,78.32117339832712,7.114723426270817,517348.8550302291
1145.5567340533867,3,4,28.79838070492139,15.929653172221386,122136.21771214547
3778.316806743555,5,3,99.14667857416148,14.59839825202355,511502.01639927155
1603.0218983302834,5,1,16.532109299071184,38.773237321852044,293550.1250212997
2640.6690650012933,4,3,47.023714571393405,22.784315301947636,365509.0770409642
3255.687174436702,3,3,40.87277842961513,2.405448701788921,492407.5170273225
4196.319707306736,4,2,37.30259527335704,24.418429321318865,630121.3903489759
1646.5767711742308,3,3,2.7674942120245016,23.229477397652023,259132.25392063186
2639.709774943069,2,2,9.321583250007127,15.812125287005586,342650.14941677306
1498.091100440936,3,1,12.573926751582032,25.897150155220633,169188.18459974826
3710.426714581254,2,4,94.34840112947155,19.30830105317132,448805.5201175333
3186.650467847428,4,1,17.245681669360902,25.699731678814754,578802.0287476955
1141.7036598469344,4,2,55.15373337766051,31.441600264544544,102572.94060326065
4273.9105652215385,2,4,98.17327991511443,17.822592523250908,590410.7084986076
4568.470597747014,5,3,21.937863555537906,27.564618418866704,793793.8278036137
2046.1105756904865,5,4,39.61124907111372,46.20449704093429,198602.39777424524
4475.841961161362,2,3,73.91939904099787,37.6333109844559,430439.1470225273
1684.8359820509802,5,2,8.706067168718546,43.78275060809816,242517.05801057452
3846.5535616061024,5,1,65.52195378503684,12.773723472631932,616760.2401234403
4418.813036935826,4,4,74.84741058019918,12.891817538407173,716129.8760086634
2633.773979596295,4,2,26.491193735949594,27.86816580049896,335278.3603689927
4825.298488566237,1,1,49.762250019741316,24.891168046548064,628859.0915960338
2940.8814484702734,1,1,50.41620292279938,37.472849818851145,315274.03577215545
1535.3818635601515,5,2,74.13607536780495,14.051741532384723,214524.72154292007
4719.433740981681,1,2,9.126176885881964,8.882687152799479,673924.3342995563
1464.8699943388738,2,3,69.83952556282095,4.711484235576336,171306.16589966655
4164.417633689854,1,4,98.374098645465,11.956155696015418,546864.4530827436
2178.8771187438374,4,2,1.403787224094133,7.054262751888659,350700.68769894016
2338.8844065060543,4,3,66.52011907585947,23.664623229490317,335129.50073235104
1028.9487274376793,1,1,5.337010025439037,37.8426501899499,45933.77937806849
3542.942489345037,2,1,82.52116481462457,47.346972983476086,319796.57916519506
3673.3169346989694,2,3,49.85069337317621,44.03094793605497,438626.8709986681
1088.6716165847936,1,3,23.296913467808288,14.095664304981705,213068.8287734399
3297.431642845712,3,2,50.74877694018633,33.28456018867389,429548.5798926681
2206.867569407695,3,1,2.437763025349149,31.914625476154423,294361.19247996295
4346.3813839425075,1,3,22.99014678351796,20.726142339129296,609467.5602604832
4610.006623684254,1,2,7.965802480193518,9.941830434224913,690127.7844976832
3864.1422938511537,2,4,32.56413342281972,43.687713365925646,516586.4150683221
1725.2540253307106,2,4,4.513117349083428,29.80610075712812,195150.00849124484
1613.533322464476,5,1,51.347912129723184,6.865593319051999,262707.2905661274
3779.388648946384,5,2,23.772937768797654,33.78210092346204,482045.7041679247
3662.5807399044193,1,2,4.1122469335884375,39.626698128823335,507785.3878745763
1404.590463176997,3,3,29.354289660541934,8.501674684375306,246859.4089557264
4393.50254697659,2,2,31.124226014981183,49.06489315057066,530911.4690777183
4123.27196391996,5,2,31.199333906173432,34.90310695970997,722775.1504310668
4578.335563898327,2,2,10.86083551770568,35.2229546889385,643662.9729402241
1468.558851462095,4,3,94.61287995144822,40.6897804672628,72005.35782920057
4720.688556726735,4,1,30.34941759683363,43.583058360216526,610918.986746217
4319.504035091097,2,4,42.39718664825409,14.267067751522243,641912.6244183576
3158.667235094479,4,3,82.57231239182349,48.077692561942825,313026.0498362053
3197.5758684033203,1,2,13.266671662836306,41.67750264070799,383399.860792331
4720.174804441231,3,3,7.9283937534804565,38.132534140757876,597126.8165268282
4723.286635270479,1,2,0.7393182617283389,46.54335095644911,604144.0740798379
4406.378505220902,4,3,98.16948692603917,33.88704036952705,589381.3347783794
2990.6604626634366,3,3,40.693717813148446,10.126209339753405,372130.84878856683
1064.4692505938363,2,1,29.367050402826244,27.720157564369153,148934.61636438602
1340.455743289297,5,1,11.729757161543153,26.486124616404762,208054.97746071604
2944.0428870572696,2,2,75.28978210915878,47.11716009078119,294816.08082839014
2689.545654692945,4,1,44.86849978038611,26.366495721157136,372183.8941235773
2482.0284301934503,5,4,59.04190354174395,46.6279600178826,302375.5041142315
4941.402896249779,1,1,49.274585707012605,46.96180493868842,575050.4669858933
3635.5170020921014,2,1,5.506756640049549,14.85960527743235,509379.00562542316
1427.4086904300143,4,4,88.773427192669,12.706462157434789,287395.46038600366
4249.8307245772285,4,3,33.80379859143326,34.63848459472784,626995.0592414985
1592.5734556254788,2,2,15.824027929361407,47.99290719161101,171909.93671309145
4300.502887110029,2,2,81.27727326009779,4.404477221210793,555600.6969471179
3696.0290260303964,4,3,36.3909291848889,25.405966785595204,582692.1216927423
4859.08121408484,1,3,57.17878415663552,31.69186411996537,635549.7667280107
1761.7634290979934,3,4,82.97156594754695,19.20190553800513,179580.71849315258
3099.662847305538,2,4,92.55853199862511,1.677299789218044,459604.77517548297
3355.3820910332392,3,4,64.9675847078988,41.96829145140582,353547.17656923144
3903.97169997254,2,3,29.310478609080302,33.046358248888005,434627.4535448466
1447.389447542565,1,1,12.665321641772298,13.092761383035505,197700.67646074286
1085.408353742465,4,4,19.81246218133994,17.555557145888407,159221.2638263637
3554.9526622494805,1,2,89.11489115969836,1.6214108855573137,428059.41807315545
2235.449898495246,1,3,73.56452251898,16.79027066207832,163375.77860402298
3832.3377063851326,3,2,29.952929559132624,18.34003903733558,517391.6236539099
1800.7003879666026,4,2,90.80344017936717,45.9008876220084,144310.4720598118
2296.5303370777624,3,3,58.98903474943883,13.270621462086481,348263.53531072073
3153.351843093037,3,3,3.076811188790296,22.58863805083859,516406.2820188497
2095.9293918098874,5,2,64.8117995818663,48.640798448610994,212413.43471744785
4853.762729620567,1,3,93.33894136220869,15.347086312092747,644753.3152295364
1589.3748536563717,3,3,92.2829812082484,39.18628494112567,98380.16301599867
4560.278530639593,2,2,33.69997189000629,34.021800271416346,656452.2707112804
1739.6854170868514,1,1,67.34725392888666,11.992427281747979,129430.0700668036
1653.0676014006112,2,4,44.36565326271624,33.97693141967181,89647.27240799488
1757.356541010107,3,2,65.77160008307051,16.156343078895695,117385.2847166308
4617.907807000902,5,2,48.11141820252016,12.283749761496162,625653.0479970069
4839.4707180324685,3,2,11.829539889119701,46.31669769764227,726579.5251612525
4918.916057224931,1,2,72.5413371571549,28.92827087883182,558048.0713013052
3220.54040590836,4,2,32.73107808147376,6.1644230367032575,544603.045854358
4203.786053341126,2,4,35.64907340095483,21.36172673465867,565615.3749682981
2436.1413498967013,2,1,10.68323492588693,32.529683896208084,305967.54563305597
1735.5200332946677,4,3,31.40932402476705,12.01838077266707,304293.41481739
1739.1055296448171,4,2,98.35762502589989,15.562953907049586,210484.98190696537
3078.406509717115,1,1,43.000737165399194,16.03377229724957,428675.7755189504
1897.8789877790914,4,4,50.548604945260855,47.82267013554589,224570.76864877873
2558.224764197719,5,1,22.10061210007779,47.76310111464054,352503.67586084193
3202.0715747873683,2,1,13.75277639297796,39.91206900914175,396267.00051525794
3246.334298427104,3,4,28.47986369843929,4.640407913106599,550349.6660177116
4435.06005673224,3,1,64.60637964345098,8.370952544950223,649121.8885221211
4885.653066411065,2,1,17.853955517549746,46.289141415191224,667944.3446339704
2640.5975543502445,1,4,42.424314191250126,22.206505140934482,307841.8545500281
1620.3233640761896,3,3,93.3279808323321,13.359429286582849,230160.88643843515
1499.6088402190621,4,3,33.15414269975404,10.830182560814535,320736.3789193315
4645.506775901735,4,3,78.3336678787634,30.986041643773156,681492.2000357219
2263.1748269698373,1,2,25.365130172170968,9.372473920528456,288318.24823248695
1395.3383496201232,5,2,25.637391991416415,29.49685139173419,249798.87013258887
4099.901948771159,1,1,94.27382754856922,28.148611494678743,518256.8595809066
1331.5781901898781,1,4,43.921060554890886,33.760302115102874,131459.6877339395
2516.6322505099834,4,4,67.66978616445387,25.491388641982265,446585.69523721584
1728.1045661112566,1,4,56.73860080896277,21.659257804045634,112958.17071568548
2275.0213089498857,2,1,89.9265970187326,23.430581266472302,253920.21937411337
1566.9631811857223,3,2,7.817905641966993,11.046015840825008,321209.70786026807
4649.473544070512,5,2,52.70079277568826,43.51725462015254,580137.8792316385
1591.8513916456627,4,4,32.19759581189353,33.71423514680584,199132.58229473382
2505.0147213934197,5,3,90.86669667543347,34.30026906472712,364887.3108590748
1390.3998461533301,2,4,46.304800393507136,34.275698750225935,57216.22308638806
1376.6209887485904,3,1,42.258387119971495,38.84583012338091,94650.79477403585
4112.2790708257,4,3,47.74283675231915,10.23262283953515,602991.5680598543
2857.5100906385237,3,2,78.79133005314897,29.75421103077204,350548.18822292885
4367.607233784195,2,2,97.52569779501532,35.537843316450925,493185.74460136116
2348.8976312222485,1,2,76.9338607194602,29.541909459700697,258747.89716964695
2433.619750736493,2,3,86.73520089546521,26.41487289836171,156747.0412820755
4121.048486834572,2,3,39.05442054984878,14.452800011865799,568516.9760348877
2690.9308525599167,5,2,44.860002435211165,14.692072976918137,393853.59572600067
2302.189359171821,2,4,45.196339229695205,38.74623378405156,174598.25666977794
4958.9080423773885,1,3,87.51104515310499,35.55829448392065,607792.5614294887
3890.2007541596936,5,2,0.3997935011519238,33.63192273536312,610074.4098310118
4713.749726110253,3,3,56.87215757658108,46.50983554941348,519592.7755358906
3182.355043570064,4,2,9.373377058819655,3.3402623023700926,578429.6441283539
3611.177947687668,1,4,48.09993771796764,5.873334748594845,498089.4620413333
4024.662883394871,5,3,36.3795605806153,6.398142077770524,679222.3392727702
3327.7257738273997,1,1,92.98976190571888,20.24117040959313,418338.11850255035
1317.7381528901187,2,3,2.2951682289821695,22.317789276296924,182294.34346467385
2351.363501099898,4,4,46.43141640821583,12.517558762079602,319847.4866640987
2801.6375500727963,1,2,3.5117735447088516,37.66974229476716,333572.5393709988
2352.2729690740425,1,1,10.59290164998946,14.514304915710126,366590.6768381865
4491.767370276555,1,2,56.12362133870086,5.4978392341524716,679028.115836936
1762.8572417373662,1,4,45.768947617309905,12.530044082705848,217140.66120407145
2743.7401253883336,1,4,47.68184700250588,24.939083367244752,281482.30700021115
3024.924274844282,3,1,99.50130986958506,40.57233475743558,294919.10987707984
3310.4147826476515,2,4,27.166222519475745,14.851812147909357,411897.0917624344
2941.6231311042166,2,2,59.29129801737726,19.788409116415387,311701.1903660963
4542.68481338624,1,3,20.032333752116028,11.25464570085337,638513.3576804386
3841.144226986795,1,1,26.36615180728147,35.884497187374315,474975.24877260876
3726.2723927660686,1,1,77.4186431326666,21.53882808244772,375020.81149153947
4174.631904435652,4,3,83.15150252332053,8.670712304134758,652043.9190228342
1808.8568964109422,1,4,89.17308526318885,44.518847283892,104856.24241248416
3277.971915870336,3,1,58.65773931058852,29.061404459280233,378422.1334946732
3089.3236097267913,5,1,29.30864167224486,2.6903346405226873,535515.7960680969
3044.5492581099224,3,1,69.01183655267882,22.466300079779852,394184.5827590443
2912.2066503467877,1,1,61.86647288095397,15.3949178568334,461374.6813020231
2285.845849101478,3,1,58.63291396143405,2.7655420131084063,390356.46809730225
1247.718984195414,2,2,80.53612326028113,18.54629423051711,125624.11451363603
3093.558691636838,2,4,26.56327443224026,34.2666742492425,429611.52419503056
2539.8969228896485,5,3,80.6093048907933,27.27203614358775,370322.5469642427
1232.6979649041386,5,1,86.0954995974017,48.23891212575806,90178.85563902343
1657.4791607385619,1,3,64.70131709129619,23.065145551374513,144180.14694827446
1106.389503690543,4,2,4.307713662371205,28.683959935756043,239409.97129188388
4467.128477855894,3,1,57.55830987548287,35.8507364516064,505801.1253366558
2488.6407585729276,4,4,56.23257308016597,39.84269420130082,261368.33570648817
2059.250248432604,3,2,29.78811851856805,36.14748242465586,342729.449503525
4463.533800335372,1,3,29.92975646475341,38.46939173843904,473357.6020126694
1174.6142089981877,1,4,40.62225452865231,30.982331059840384,101068.25843641072
2491.237169551539,3,4,63.38050975922981,20.38506856493391,323072.8548692543
4235.800456892335,1,2,38.31691273210439,21.651081745539795,529014.4047989108
3943.282310966585,1,2,95.88924290627067,16.688460733332604,450165.3037925854
3742.14830917215,2,1,28.694911296664493,2.008056772618496,573699.1294773348
3063.027084237177,2,3,16.61589779574184,3.713784706041252,355513.1445604409
2489.280594978971,3,4,85.71392117332154,46.58990052785878,274125.914436195
1352.4228082030936,3,1,27.030820000779677,4.867672753503314,288508.6045572958
3826.2172198894427,3,2,81.02787663578242,38.920422297645814,420688.46296421305
2020.7821032759748,3,1,27.36020018241233,30.31657366970942,286573.9806627349
2968.095796812307,4,3,85.21102644729662,28.458515615176825,337636.8700820808
3570.4810539751093,2,2,48.30050592916885,29.702362586296758,468115.00735592475
3655.5308407214625,4,1,69.94292590257936,47.47059007302107,436256.83655267366
2587.4788928418166,3,1,15.475569434188275,49.870966033119835,346347.00061643624
4447.22811049516,1,3,7.814485758711454,14.216930047511163,622044.2791416913
4115.968427580141,1,4,36.7853372020426,7.379056023277714,572166.4194262251
1913.7803764374953,2,2,54.77130004629418,20.229923583506803,217781.6902189102
2352.9895078693085,4,2,15.759769197858198,41.22926706709789,262811.5347423972
4719.464241500253,1,1,98.24935818607649,47.21707413940351,522384.04320560955
1736.1429073910308,4,2,13.353659806166263,44.34827424467604,249668.0199517802
3532.3906768568136,3,3,27.95348068434629,39.024066624242714,473598.900706852
4132.21082643014,3,2,92.34845106271518,19.833582435118554,615823.7075597567
2949.6438937438325,3,1,35.13489009285157,36.158768623287926,417703.07275467244
3800.1602067308017,2,3,23.312024634163684,47.812008754291554,416970.7771711146
4814.264166468937,2,4,40.046001894174864,32.22423717214377,548173.6645163726
2004.38589224775,2,4,1.8485554572105767,48.05787304288456,168298.00456752404
3316.808580040883,5,1,64.84614856412588,16.303303437328697,499008.9786650576
1432.6996073830483,3,1,73.82629048593307,9.21778649239311,196566.58707081873
2988.951208954795,2,3,82.28085962862592,32.297160046971925,208211.97120226308
2340.540454056248,3,2,39.20036820427863,25.652347525551654,362957.7158162572
1781.8145194006306,3,3,32.501213373087026,5.516533851168173,253003.3111290807
2749.0405659958706,1,1,8.040656167836014,24.63570964995711,322418.07135765563
2925.1477652759954,5,4,3.869563456640601,42.79245151608054,423671.48731367756
2592.9597871402534,2,1,91.99893840367179,34.17723783303695,242890.87581029712
2562.935375396498,5,4,43.220215643619674,28.235100119288827,389584.3202914224
4949.436836975894,3,1,28.722386972264612,38.202162446081,635987.9589543246
4243.959453331916,5,4,58.65287457197205,12.010949248359713,744890.5182542423
4266.371770417696,1,2,36.99633138713837,38.35265066472587,567900.5586525734
2237.1286644251245,1,3,77.89273612830664,11.890445509784906,282531.59523560305
4274.251579339269,4,1,66.151029645246,13.890758999308408,706410.8293068565
3080.239254305941,3,4,50.48661356223199,34.93798299538495,354116.983394478
3144.8647303743915,1,2,13.688571641065073,38.859686571324715,398361.29413227725
1484.9053580971004,2,3,50.92589967553861,18.51412058670787,134534.82350127335
2845.530613557973,5,3,84.43879249226447,40.98325226706445,335010.4442095202
1563.283914982879,3,2,17.338921115789184,33.80113201552476,130433.30390520956
4968.90605265066,2,3,0.3608030384008476,20.36806580760649,684613.670197548
2827.6202781532647,3,3,29.76228479211114,15.696513315189968,274675.54833334626
1171.3631830094214,4,3,44.08563550472514,9.885987659306585,200060.34593857924
3816.236800836512,2,2,99.89663880515313,43.42559157303696,369299.0281305478
2183.037693927826,5,4,23.83662071490501,27.166653043057792,393451.1270342201
4722.318124977544,4,1,57.78336759946562,25.24665836348445,613343.1902242993
3164.4000919755977,2,4,93.50431047091683,5.3582637862078695,392890.70057740714
3150.9276022486474,2,3,35.22649431119659,45.829086372564625,351493.51193624403
4494.468490651037,4,4,80.12143483080192,16.231153143694137,601328.4710414739
4369.360634567485,2,4,73.42189250561637,40.07272311471851,600084.2283881765
4614.905680149495,3,2,43.12039919639945,29.105203511302665,663566.742913845
2599.1112401972023,2,3,4.813760736359707,42.946571220229835,336721.1948810465
2454.377707557005,5,4,67.79189023420611,38.26362200756956,204928.28873070405
2941.2650060042074,3,2,12.367636399822091,10.172664711563565,477170.4597425526
3058.2224119702328,1,2,4.336948509261507,3.0274375051283364,437093.3696658381
4854.714071184344,4,1,62.72306344098093,34.99274186567342,706658.1649242145
3510.933390727451,2,1,62.43703312712068,33.77219011530339,415518.60823967296
3296.227236368744,2,4,74.25833121686898,3.2149006274557186,437911.5346850978
2791.7025927447826,4,4,28.471936264807706,3.178331192380852,381099.032325399
4573.459279350267,2,4,52.60450853408992,4.504328899661684,706309.2403592082
1049.6778815605126,3,4,59.058251152045194,40.40305342206202,153057.40495440734
3164.3473748901256,4,2,4.292017311549479,19.130095624661564,554646.0977729781
1095.5065643720193,3,3,93.40246637406091,13.256087081051266,104116.54262569036
2768.0418489624217,5,3,22.79092815632191,43.525420991955556,463547.83011193556
2715.9796737030774,3,1,73.40320324853519,32.79648184555784,344354.23397661245
2308.881188306399,4,4,0.058460417412875554,31.235259992083925,318753.5249177628
3262.7757872355137,3,2,94.35417676149889,24.699024600422785,410682.4073565558
2393.073754904949,5,1,59.54853894776798,24.199910460148022,308201.90150877443
1783.4317218453716,2,3,2.3751491788565504,9.620124149604983,350137.75254686194
3851.6464839722103,2,3,24.63465264565423,19.63654598011735,566199.850020995
1915.0164668469256,1,1,72.79581707346352,17.58257411661994,224099.26182230253
2268.2950281869266,4,3,20.104516290745977,27.494124201416724,334792.7011344166
2462.9361211177225,2,3,81.40774180965796,2.789235943086112,221415.0131146577
3656.5059149512845,3,4,0.32472958702092214,46.48449439797141,563688.5216923305
3301.1717997454425,5,2,95.27749784370795,19.14116891538206,497294.1300323248
2602.8176484141263,5,2,0.2840986207906959,35.16028185567778,412813.32245726575
1247.1135140145143,5,4,38.41911180627324,14.74692736088599,202414.27360448096
3289.2640491951292,1,3,61.96689846985577,10.75062446113869,434976.0578736392
1149.5343433336425,3,4,67.88159219540631,1.7039128124831064,192555.27961743253
4983.170437131144,4,2,48.58887590455995,49.4062835852052,633764.0909267272
3793.0163305244496,4,1,11.663491338892173,31.813813314841852,620713.8183268885
1503.525052217432,5,2,77.15158056819497,37.06252407888189,183107.85507743614
3438.3622802096875,5,1,68.36697935541685,44.422471329892126,460805.7284835418
1652.0851460449676,2,1,34.75751623392224,10.562375779349278,256160.62274001527
4319.499343642141,2,4,52.06378418809686,24.700912050138104,621354.0502180908
4280.753798660379,3,3,58.9206035694571,46.59138848254405,482182.7555325185
2581.8991729651943,1,4,20.705195787778585,27.64994370553555,369601.6488009844
2693.2746067037724,1,3,0.40717335083121364,5.470295915746304,415175.8243886525
1390.903278384696,1,3,85.82194673846506,22.989012567794607,65399.693271761564
4562.726443955869,4,4,0.3929682070015317,19.561148655826113,691610.5689728193
2403.348454820995,5,4,32.236535445991024,37.316672633238866,333655.33178109524
4217.08437224726,1,1,17.926050596730402,10.460967063167983,703165.8889086783
1897.3177422422382,2,2,90.50487404490012,16.255769167232835,178350.83834788797
4999.156921463348,4,4,58.72872824663269,25.16768522000254,725890.5582134492
1825.2832119901786,3,2,6.10093803630104,17.232378565072693,378755.7373309323
4782.988317609439,5,4,79.56826211661287,39.76622081295287,727763.232723332
3794.9049527827324,2,3,16.439682615630048,13.820461846227635,524855.1512891449
4225.504877303212,5,4,18.086543318986102,34.95998618375165,736754.50522575
1663.4166058819878,1,3,59.43307414251111,32.01561410999018,165633.81726635777
3925.4244147740183,2,4,97.63172589816391,14.514586428954443,498436.6291330809
2169.5972569776272,3,1,28.5240620307031,26.699784417001496,270012.6792183858
2512.0010231042756,4,3,49.09098065648241,23.356666734502795,314960.1570543914
1075.8898640287505,2,4,12.829630706277895,36.425219542551915,81317.94231598833
3395.544430970944,3,1,55.85949896367861,28.365947396050228,322134.49666728376
4623.779888348178,1,4,35.73020944009787,48.332722422848015,517496.066634864
2403.0636606331727,2,4,44.69694251651547,47.74600264719691,188476.08326227262
1971.7641599849842,5,3,56.427798125301265,42.999374544485384,280211.1916411342
4498.650368923187,4,2,54.874664124403836,20.707198448076564,614953.9520035046
3469.237257036962,2,2,9.504905936770891,47.80099306194164,424149.23962058144
2332.352283697909,2,4,7.706570424538883,45.333314028245375,289701.36899553577
4289.652096955303,3,3,64.30624699675218,35.681113246931965,552395.5943470239
4135.831536120736,2,2,1.2267307094315671,6.846532100854104,742076.7030577478
1594.3230705203036,4,3,52.32466475593959,32.16809695749083,247969.2786720041
4274.6658499446185,1,4,17.64894082177777,25.15100676415319,637719.4193818816
4290.713116693883,2,2,71.3984760669137,30.069870989713056,521405.82782372035
4541.251999966613,5,4,4.240776781343081,47.62600392652257,683448.7731918987
2726.135423642026,2,3,19.724152348029545,47.064362205311504,342224.3768476596
4512.080371354679,4,4,51.34280157847411,16.902792353571385,709300.3795765326
4131.649230370717,2,1,46.52315452354506,23.680160901421395,478452.37309156155
2122.882139373294,2,2,72.05839602786781,12.80727227074042,251947.8196253256
2781.9052965173923,1,3,39.58744573298794,35.51791333750401,299475.98952397227
2207.9527731480453,2,2,65.1858441726532,40.079475279809245,205969.3484489524
2464.4937851975133,1,1,50.88365053378215,29.147841169894814,207334.16417111436
2672.8800294720295,1,2,18.93786047992785,39.41721277391978,308120.213328875
2253.536619182837,3,2,29.71105714798178,46.56426634583777,288426.00584729546
1241.1960088086844,4,4,12.289030285921188,28.567456857593257,236454.6892887577
1637.5683367739257,3,2,80.82986081284382,27.320388683488005,293605.5654038803
2164.9389023825834,1,1,96.62899611501382,13.206819442656128,232439.65473113977
4883.2045807631475,1,3,29.960146853105606,26.155976539881436,620611.6925324557
2197.473443854482,5,1,0.3158323230862847,38.40016097266071,281093.88768607896
4113.2070616999845,3,2,39.6881701764516,46.616349620891114,579187.8830322826
3912.0350889340016,4,4,44.54876719155596,14.943424645522995,657742.2325918829
3413.8975087427207,3,3,56.42710351266387,44.55047877666207,430788.11116519663
4375.16557318024,3,1,3.199953016873147,5.359808336551384,682581.3061734338
2981.22829071617,1,1,67.26217064681566,34.17984241663275,231941.14577963206
4265.010552170539,4,2,45.057225892360876,24.474878902097693,683741.9698586101
4588.639517311472,2,3,99.72482003657133,26.2068146053452,530900.74251367
4787.101057385117,2,2,87.77749258601224,19.270635761956296,662380.450442238
4674.532971368692,3,4,86.50069272904207,26.458894408592933,586687.8671532357
1650.375316295642,4,4,3.0645577615299735,29.771990287847817,166282.60800452047
1491.1818903970366,3,4,62.33084178940369,36.71998054826025,103974.02871647432
4926.414382973973,3,3,69.21964683873057,28.460263241986876,693579.7225837352
3485.367323222685,2,4,67.03598261453457,17.734591572704403,504415.8669721716
3084.605699153793,3,2,78.6429802951729,6.014025480707805,583644.7922768919
1563.1537571960123,3,3,13.228079140364057,21.26608486648734,253325.47158450753
1589.832121107889,5,3,87.0016484705682,24.89738431474465,120308.73033589305
4896.134409522192,4,3,84.74461637380757,33.18983706582728,557939.2159698968
2361.3251298105315,5,1,78.98679185965982,38.974715368118495,221939.72816585837
2808.4374696680143,4,3,70.02288276123545,42.230982479932706,378367.54386814527
4352.4120838247345,5,4,59.242624894279416,39.043694988586324,615908.2094084828
3739.7859271383245,2,3,20.162704038058855,30.009459001627274,513433.50979520427
4982.103490434684,5,4,47.855731802942955,37.48829520014016,659560.9350648182
1068.8924109786658,4,2,27.259140824509064,38.99488375876435,127806.56524404556
4610.3108408425815,1,4,11.066632407544596,18.73053521940844,589918.1096847814
1417.6636766680147,5,2,77.62334052595588,9.116251195263787,263095.4374080992
4339.978194419232,1,1,82.6827354610256,37.10583701738912,546140.0050273385
4522.6008301653255,2,2,50.918256647478884,38.55330569395301,582571.1883431996
4165.9961954379105,3,4,35.569133519905215,11.836905873526993,661358.9524213289
4447.809937447109,2,1,77.56206550573138,13.096191515902799,619871.3441654936
3243.543452061817,2,3,39.90402888835235,39.11453971557772,328254.5850242884
3015.0433284019055,5,3,67.23081960220887,47.05877197199102,420633.2276324701
1288.202098343449,3,4,32.33945216829165,39.94707930430941,155197.9826391398
2324.8209327500053,2,1,70.52830636260434,2.007229883761202,250549.67576533835
4133.199995407356,1,1,26.42476002939582,45.87893158719364,474248.7284914844
1031.4623414225186,1,2,76.90635736259257,13.538268704983722,147225.63617426064
1259.2098921870747,1,4,18.581540312502298,10.152820165899385,124252.34385797931
2862.5984711606498,2,1,45.5871001433768,29.877144451848203,300704.79454568494
3103.785740305039,4,3,67.82815073328608,29.852740461906983,431416.39020783687
3246.538991691925,4,4,98.9559655056915,36.2261645141825,387570.45335206407
2299.837153496394,1,2,73.80956250365723,33.63156334877554,196885.88885084994
1395.116023330394,4,1,40.76432970177357,1.5641428758351759,273958.47554573003
3305.48732048923,5,4,44.71524311058745,10.41284477122955,458160.4719839384
3623.642416708695,1,4,49.648806141302835,34.66774552998506,427014.8189332737
4814.271226700232,1,3,65.83126954538149,4.55959247727983,646215.785469883
1028.6857850874874,5,2,79.88556172549879,17.141656009747013,156902.5402306727
4875.856323552189,2,1,27.501252893775007,36.38125752590929,570065.334345433
3598.543888907371,5,4,91.64353454824803,23.372348885847178,514753.2674579623
4728.328223990795,2,3,0.5320877593048112,34.88752821770814,610877.0549215472
3336.178917024141,1,3,9.109496034869268,12.08889481186674,552255.856261636
3107.062517671482,1,1,46.263800372334174,47.193605159637656,247235.39262871223
3554.21255996754,4,1,38.25361029437106,31.874657222839257,480121.63716718234
1565.5152449805369,2,4,93.13567268580985,2.564868143656068,194850.2185606271
1639.689448752245,2,3,24.624903395325926,25.740794153613233,186014.1569670394
2852.6274099326347,1,3,21.18632272785299,42.084582288061796,319248.3931652066
1228.7770283489895,1,1,53.28436897051019,15.444416685121647,51456.878940075716
1199.9687277358962,4,1,98.99609991941563,16.755397239633318,229317.1547882509
1681.636843236597,5,4,28.85894799918902,9.313190740840318,302364.3764531667
1234.022638999222,3,4,50.134464238130235,1.1804225661227037,124836.19713694807
1225.4472988537052,3,1,67.33692185608652,37.55050565534145,42195.08311696322
3746.0828287858335,4,1,84.40812348832932,28.93585051102978,453629.6161161841
2596.852054858621,4,1,56.14731952697277,1.6800315454700607,419418.5313808544
3157.2136205758666,5,1,31.022718469874576,23.82672464623645,478110.5886072987
2055.089100812836,3,4,50.22284307067617,7.362237958976293,257605.9245348724
1950.3182048182728,3,3,86.38728928624252,37.46398788193,220870.38821829634
1100.2237778022877,3,2,75.74376462509042,49.336297366337874,-41855.77828323929
2143.51265308459,1,1,72.34808683100688,20.88176639593938,195710.53724605578
2872.490615444589,4,1,21.065876485362566,23.171061148742936,487372.74033618224
4486.191013836853,3,3,57.954001392851765,33.38243302236663,605571.7166042216
2113.359897617422,3,1,44.608149451436375,35.42364392203408,111675.31250655731
2146.9935029663575,3,4,19.708928603242693,43.4136158662691,191113.3625072009
3264.5248330368186,4,2,12.41075329616146,19.75440770807803,530946.2125771461
1015.4801656387132,1,3,98.4736150895807,37.136706427947246,-19805.75676184446
4373.582410581758,2,4,59.01642271821621,44.6312461089636,555058.5158807593
2049.4699821224854,2,1,8.36188238834299,48.86990398562298,192974.4610630017
3194.2016109971273,5,3,19.62408342220774,19.987072955520375,421515.41645049595
4736.23461857843,3,4,34.43435188355538,48.022338451415365,584049.5042625861
2257.054232755183,2,4,82.29760916369968,28.986886535288146,179932.102578705
3394.1206816766403,4,2,80.84617289739799,23.149111342357678,499151.5895913342
1319.2663767793742,5,1,94.55175669675332,44.593532245222086,116073.3912026742
1450.875970325399,1,4,31.416677405520954,11.620108384910022,200572.62045364938
2772.3145898756484,5,1,84.18533658147693,28.796100550330063,342225.10855198355
1982.578908736532,5,1,36.21930463017318,24.36731176972749,294491.4500609431
4964.620289163491,5,2,12.946113038765539,4.997422287565607,839772.9853473344
3323.632038083917,1,2,5.992042015894783,29.5348516971784,360097.72662591684
3304.9111772372607,3,1,9.063541983986168,35.67274394878012,464222.9742634191
3850.6747563416666,3,3,76.72482781149182,22.44421692529166,370798.8276125839
2526.052205754858,5,4,24.858982131090144,46.32714037038577,443044.312629644
3118.228623262188,4,4,67.72601766757333,4.62106866923429,457761.69448474323
4009.455961045035,2,3,39.58731917485269,12.783104351335725,583976.0746062974
2458.2351394646985,5,4,3.997847107447128,42.026662191322586,358928.9101501867
3543.7296975209892,3,3,4.331081511586021,40.87746330843979,518715.5561309164
3392.7079824023517,1,3,82.33569005350569,48.09146949368902,312109.4980879286
4620.907987127005,2,3,99.0623634359294,21.464213726488747,525137.7513534173
2822.444338118186,1,1,84.86718907897985,24.250781308427058,248885.8058287616
1658.2707256813242,3,2,87.88359464976413,42.866239503740026,120978.48236168068
2258.9362145161977,2,4,17.405676793926304,5.677140714951869,404141.1662122136
3001.410234367375,4,3,71.89421133794531,1.4625390254229413,444910.3571389613
4331.409992484585,3,4,63.896763285792304,19.032043629922686,636768.0798338016
2672.4088606852283,1,3,13.900216613322602,33.87793159252068,222399.62447286292
4541.3448396597405,4,3,61.74817805795693,11.412747793570345,716667.0691481085
1680.0853598091753,3,2,70.93706188418625,4.219954162577941,181328.26889033368
2893.469886914956,4,2,23.049217654840316,48.250570261438426,385161.3618433205
4347.928944685862,1,1,25.71270402164867,8.448553260966898,596658.1978604393
3836.1677240888976,5,2,99.5465564466307,33.88220584841224,586472.2431294825
1284.9030482135904,1,4,31.966495061943522,48.244710676498066,54103.94872546202
4071.7141318148147,5,3,84.01744524422855,26.721859091708478,591574.9403337061
1658.7725284586438,3,3,90.94192077635958,2.602910102350938,275785.69236965204
3870.9155649567974,3,4,67.5406375780488,12.308406621703858,615869.7828584072
4974.4592368937465,5,2,88.13200770750434,24.861363169621526,747661.572635609
1655.5463428184112,3,2,86.14874954676857,35.69860681918309,166917.91431730893
3154.18905944676,5,2,44.83373732348564,46.75894442761065,316859.25159270264
2753.7725372889327,1,4,73.50806238526754,40.90795046346317,239210.116056146
1143.6920866821004,5,4,74.70597252643064,41.27382336830577,180994.473433125
1129.075719920705,2,1,77.42112697753942,27.017724217725874,101512.7152387101
1395.047269001124,5,3,94.52040509406186,5.075491482318891,246688.40955137124
3007.305605968059,3,2,92.599844032621,49.31803176821958,234203.94868031572
4697.841609005687,3,1,7.681035588591644,20.987615009231675,708790.3192391295
2665.009244306437,1,2,17.136801047010298,31.16661046707646,282692.4028273807
1434.7075788458396,1,3,64.44820130074191,6.630252532466428,130884.53516914998
3709.770691087363,1,3,89.9819482511399,47.73830739880285,338564.0127685534
4296.524523522907,5,3,87.78043152470761,37.91666152673118,498496.3759102096
4050.3188738366225,4,1,50.51784763733548,28.465897890992053,496611.2602862862
2624.9181035717675,1,2,97.43810404056718,34.431364003503035,238077.56495192752
2819.863977627422,4,4,17.96703784290543,9.272136338478603,541867.0807351934
4965.295199574226,4,4,45.79110088256164,33.5032058433558,716815.3405028007
4293.617755878968,4,3,50.75768094908278,7.1544005237242825,675822.5768456905
3884.3585394923916,2,1,41.132337212392834,34.48817617604279,442390.295274773
1616.3804977165764,3,1,94.27852763573951,30.982111030981326,162223.10449928525
3309.5668213847634,3,2,18.073366416822946,9.04694682853435,526361.8756314954
1676.4672762446469,5,1,8.303538195028725,2.560715860427757,330145.48399572674
2959.91594431759,5,2,31.5345653509017,35.13336401986369,368297.0860938962
4425.266185688564,1,4,31.227211308572457,10.959328479030033,581113.2216987652
3108.9982856951815,5,4,92.83000749681973,19.326855740383415,378457.30106113513
3108.0195270799813,4,1,94.69341526823867,13.345609126020152,392094.7501557675
2721.894792278167,5,4,23.005952275160723,9.84223579824779,597005.471017277
4964.284877956646,4,2,49.056307421489855,26.358744126898912,677946.5243580489
3165.630605819716,5,4,54.44569095314965,13.227601889686088,624678.9889806253
2204.4725417471213,3,2,18.89630364821757,15.300089890186666,292379.96718094207
1127.515406476631,3,3,8.953869687326799,7.967149255062582,271244.855525861
1636.3944827498838,5,3,48.136273092895685,37.61499988002821,177527.19458678082
3506.068830042227,5,4,3.1034349922644977,39.44064417280105,519655.2944209949
1282.5098523066126,3,2,36.74469602501773,40.13231416234231,138416.68545648834
2696.0835640270443,2,2,19.515919382424286,25.563008968279483,332454.8243837253
1721.69512056058,2,3,79.4754023999404,20.076076403885892,166900.93398384994
2874.6241634506314,5,3,79.12588178004331,23.889635664893948,526227.1096787134
3089.099294167549,1,3,85.42743340379282,26.06763016316193,254129.51370606705
3735.497308373344,1,4,38.88145099000775,29.994845988914367,444924.28260577016
3546.099973197736,5,2,31.01119386011724,11.336443915807763,599060.9328214962
1333.4983540401245,4,3,62.44028835230445,11.755489941567603,142320.48115225276
3881.2172306151633,5,2,7.112665964499509,44.15498492592011,514799.8505369425
4211.809823238687,4,4,49.62320219357896,4.095938139299836,585057.5932100393
4382.710302543146,3,1,75.81936512825986,32.99349051457664,672909.1625555903
2753.9434510832884,5,3,77.24394794639014,7.59459238633304,472347.84926854057
2088.199542737175,4,1,25.527008864614643,6.188828290720543,320212.44700878207
4315.300433348332,2,4,44.342803613067986,17.3523623741485,572507.1192210991
2632.013221223966,4,1,91.09088519844204,21.157949837450694,366027.6075593581
4079.420690743887,3,2,28.72342757386489,1.8616245666685187,724864.9214621224
4914.453135900148,1,3,40.98017212479993,13.582454383619096,675656.3136936093
1766.6215248520318,3,4,65.58926943677204,35.076645435117186,35159.300288270024
3017.5553875927735,3,4,65.73840123736048,47.74870511970085,293769.07898262393
3928.132568480802,1,4,18.468064410952156,36.180340372336424,436419.71493133815
4884.237715724283,2,4,2.1056023946801172,3.3942504230978017,809117.7369099089
2362.3307661642048,4,2,26.695106923288925,31.221925414064117,288087.69384864153
2124.3669563394724,1,2,74.15667319575094,14.133064621002765,264571.7105021816
3412.044475823496,3,1,44.10006377777439,44.97333567864175,353025.7786908533
1412.569929251183,3,1,33.47188872423479,12.99070004872617,278520.5525885877
3671.7603647915107,2,2,85.02740799667947,2.438924632675862,479408.1698353512
4803.072015873678,4,3,78.07273886191855,28.664769352387975,627785.9341260581
1575.4682531041228,5,1,79.05365550003741,22.689295032056908,191161.14531670677
1454.951772197901,1,2,98.87338756335339,38.93906814962029,83590.44986977463
2971.3062143481256,5,3,83.24236065255616,45.5053400330721,395261.2294701462
2712.6647062040834,4,3,63.74208127262507,21.029076264510643,413243.34955386986
2368.6206131210283,1,3,94.4590069591029,18.846211604610886,132026.47889639784
3198.3509593106546,5,2,31.82518215930531,44.178805976735326,435416.74117652193
2839.5435285933772,5,3,30.587986755638674,46.27462524143097,344041.5454241402
3227.398426071485,2,2,12.002141652994725,40.543128860876465,442587.1840280016
2663.539362008928,1,4,78.58569929299036,5.95653206844838,424739.91331986804
1842.8855723033641,5,2,91.1323468957414,16.87624579751927,268929.7538304008
4805.177135116719,4,2,34.811234911536594,4.391608549109775,833221.8833406735
1673.1796256367643,1,1,75.26521761674866,48.482150177766044,80547.91823486671
1114.7162600703805,2,1,11.661028245573124,47.943890607390514,22303.88754215002
1083.122387443535,1,2,86.89451463379434,2.0359909406618852,42575.70908114322
3359.33531277513,4,1,79.93949331159553,32.39470657389735,414382.81382165314
1735.5547889677232,4,4,56.06095815666274,49.6160690964117,135425.8565937269
3422.8016982662225,4,4,49.07262113042983,32.8975318899576,420392.4835372771
4354.109510004865,2,1,93.40252006416787,34.00966698614,441261.1716716088
4743.942131651511,4,4,83.57190603138203,12.40749109162352,665925.5665235965
1161.894411361629,5,3,32.518711039303305,25.084251541803514,185245.2628484263
4714.054609277423,1,3,30.269971299474395,10.302888931749328,724425.7058978729
1425.6058791010123,1,1,34.95014790528821,21.901030114743193,180236.4666469509
3523.025738745972,5,1,98.97447570326409,49.59853852219927,481746.4409246277
1925.5994692222462,3,3,15.857214452481239,42.224387365903496,185981.91972244956
2825.554223171639,3,4,26.439898868151758,13.148782253791127,445833.46557919396
1193.3740787058903,1,2,6.697854645798618,29.90196398057818,198015.98706214753
2203.7467301507886,4,1,5.049522495125558,42.090887709765624,194146.56229627458
4741.175765747773,1,1,53.35763920554856,18.126436941400453,563874.2024271745
2540.6858808624356,3,1,57.01701673529161,30.957261656212648,297520.1653243474
4174.535939691559,5,2,74.19202260654839,9.486330950950352,676024.2121995785
4529.83250522862,5,4,21.554322890078627,12.727856064564605,723319.4001882444
2958.874869183742,4,2,87.46949488149062,18.036096759919904,406091.33006050857
2701.7804339064783,1,3,52.525642195952436,45.615457181163215,205063.77384730778
3153.578114541924,2,4,48.80368869434953,23.653345603559334,417525.5305932141
3580.1405158486637,1,1,51.87517455600027,49.89915938763797,398159.92894763756
1871.5184054287906,4,3,67.01255551170561,13.118706551991107,238829.8016214215
2894.1794881021406,1,4,42.04121449143808,46.13128234809204,255720.00705782062
3259.764565012226,4,3,80.99332853295192,26.618349214182537,419060.79846683587
2721.1822178418943,2,3,33.72893457255118,16.098912852325604,357034.7346188785
1747.7492729984965,5,3,64.67378249824586,41.99021539383803,235773.56820534414
1124.4893125721012,1,1,33.22221267327969,4.334345345963326,118450.6182965619
1083.2019071506868,3,1,82.0738956910139,41.78053110821323,-23366.557787745624
3121.949246291378,3,2,55.80789675139515,32.786785201050826,379719.39430862275
1683.7261846708093,1,1,76.8105243714302,20.890391611468456,118609.4291407126
4810.403397814556,3,3,25.77939577635149,42.702003725800616,546686.1761929642
4601.790622967921,1,4,38.177874866289294,31.582228781157127,499192.47150466783
3047.7213467720057,1,1,96.75045981208619,42.155850850489,300669.9969535975
1562.4869287275653,5,4,35.733190869394306,9.854824347658374,330105.11891547934
1013.8105480383986,2,1,12.160910583526807,46.33035315953174,105554.04847503755
4172.491797708226,5,4,37.9384557916015,36.64103626520571,651926.744055495
2044.6402636675743,1,3,27.628011964170184,33.1014750967246,228136.66339017308
2713.749829388881,2,2,15.72927407851552,35.866918551555585,380959.1277104323
3531.9782847024644,4,4,52.90430691973738,33.43274846661838,444953.8973624989
3814.4438887481397,1,3,54.506272067478434,36.994449098842196,452478.73879287665
3690.0617497974763,2,1,21.765034826846584,14.257653918103173,538021.7794718515
1778.3215306555112,5,1,38.014321248475284,48.04875746446942,417905.5598835264
4923.627075295122,2,2,56.38161487512849,15.368666524560934,791489.768550943
1052.8709484345713,4,4,58.43882665075842,40.12844721601371,13905.955785986218
1134.2238143675188,4,1,86.8209269985099,4.409912840715788,187148.20705344283
3676.909096611809,1,2,14.410365938556534,38.74757738243083,464146.60559063184
1255.6768255663133,4,1,88.842793030671,15.97317396963615,145988.17969766137
3112.8329628673423,4,1,69.62516981133882,27.21108934906887,405313.5922228136
3979.8814972618125,2,1,33.47216972529898,45.323521555842525,460426.76543290156
1234.9099994378835,4,3,77.24716923073693,20.343968902890104,149659.25933677814
1506.2398678807808,2,2,86.52547503472583,1.9920905381973673,145883.22475024062
2988.7440896224944,3,1,26.820920279033402,13.894264022690203,409059.01461751066
2153.4603649232004,5,4,21.360841591273527,46.180267300534325,292713.27546964696
4623.843480411035,5,3,9.926625202348117,8.392415343398916,748501.1732634638
2185.0803246334663,2,2,18.32214968198621,21.32078036659708,308887.65027972695
3612.6477596597197,1,4,70.05070273718127,5.719385587384709,448050.5406062766
3249.7125464544606,4,3,31.8927216688645,33.03028918406545,464531.1154640358
4310.091125304769,1,2,45.39242010046165,15.679288243716215,577190.250974861
3640.4093926427154,1,4,87.33257497175074,44.58433795831743,353976.22957612784
2251.366195337065,4,1,88.7108350098542,30.97327552953955,268241.75627864327
1058.501277290933,1,1,67.56545630837734,3.707275873988445,41078.125518070454
2332.2371047542533,3,2,31.307603364135307,25.258294845357707,294983.59943823144
2891.944074264162,2,2,42.85566106092057,30.47746246225633,398187.6466895267
2186.527572011093,3,3,19.33605871441153,29.465036954582693,173887.62304369506
4625.414830482068,5,2,87.31685663785093,1.8582444730091288,666319.437846134
4923.398065522373,3,1,51.642028892852,1.375808251830185,784049.9868628554
3724.1002029467295,5,1,55.09716309330723,12.790666492354179,673471.3387164586
2763.581464433307,5,1,7.240541669475709,9.713109148358624,550121.5554584118
3798.8458344702067,4,2,33.085501521181115,5.503315635100937,571215.3089912839
4158.612502705,3,1,17.21086728122152,41.367502628188376,520349.94348544034
1280.1540312642326,4,2,3.381599941457847,32.53719451253146,193345.70600235686
3372.888451782478,2,4,35.91934458934622,12.018144031649316,561402.0776043494
4418.106361687836,3,2,72.74660304959059,43.88391610405409,533581.2379618605
2344.399199271942,2,3,30.9282235724498,40.12551503938705,274165.421487379
4769.499947015146,3,3,29.441318475680866,35.865150900725816,588972.7001870584
2763.5678288945123,4,1,55.073182836353006,4.867443404367391,453330.9958210696
1387.1164795250284,4,3,67.32957749450836,31.112266023993655,139351.28854329413
4945.939415541181,5,1,32.616294131322334,45.77595871121169,684890.6124888246
1414.5137463448498,1,2,15.998033695241675,11.011761554392402,121751.27101468512
3306.1881097427313,3,3,50.42872569758588,45.908014198169646,510033.9466350113
3479.088003785037,1,2,84.50831735865151,6.364039951457378,451319.71359497943
1675.811448330402,1,1,7.6463379125533475,8.863153689160287,365117.7013115855
3693.7453744525665,3,1,98.09571671118111,29.378114667862707,527314.2139981816
4134.459011824165,4,4,26.870884180337185,5.894066654484969,683459.2133700973
1307.3474678134467,5,2,96.42573766578737,30.578100466692604,172124.09544284083
3547.826583801197,2,1,30.87367152358931,36.696104813132244,389037.36485717
4897.030468465347,1,1,69.84326169650572,12.430795670713731,652068.4056669935
2850.848545162589,3,4,30.598049764077295,13.350744302321884,411569.6276204125
1399.495659144757,2,3,26.328060772694407,35.7349316976129,133211.79594591702
2648.879352837099,4,1,79.68914655922023,29.670120426057384,291564.14561883314
1664.3292634067225,2,3,79.6656900790917,28.3564207905374,140616.52549101328
2465.6375833387333,5,1,79.84300275337687,35.393835832018794,231501.6373581711
3124.432181265427,4,4,62.050855370068234,14.991150367974456,450915.35019798175
3793.064839135487,2,1,24.335533481190254,37.96199191330342,504427.2463976735
1960.0223116909676,3,2,52.30525545937519,31.917933456980744,225479.7341646063
1558.2544850064555,2,2,65.61331839320984,37.81057904253241,112727.42029197194
2512.9482783193002,1,1,52.789761046697045,39.19255903981155,216330.97725889066
2117.868668723857,1,4,22.246099466111957,37.143671765379445,177451.02952501143
4263.996143190547,2,2,55.2411686408113,48.85537515494263,584071.5025826457
3012.3231414719276,3,1,62.73979521949931,35.65519237977487,360610.60909283534
1720.2911681010175,2,4,46.72155601559068,28.986362486450826,128786.02952454452
1712.912103805265,1,3,47.47324657169333,26.977804355317023,155524.78587797147
3867.518916490415,5,1,76.22063238126734,12.103449218094308,708996.4547969381
1979.723764674815,5,4,38.38907281270541,6.8242295230592225,307826.3111185558
1218.5512892909571,1,3,55.90215733515992,49.18103129780635,52706.6916766148
1359.5048802389092,5,2,11.784563158758177,9.901193082171567,280732.006046533
1690.4638635112601,5,3,23.160415176986692,6.116529293442198,336804.3093122611
3884.3647299325935,2,4,21.06749803267085,32.558644866473855,543202.332390899
2418.2014581975154,2,4,66.02678726120052,36.15554493725175,309181.7539361232
1978.786160758361,3,3,3.1384492833494204,19.590969418066607,234537.4257102695
1705.7760812393967,4,1,1.2094472284678637,10.900330148936408,377400.1649214328
1588.9852135806213,3,1,3.1305974057994734,22.78747179125537,247750.19497010924
1615.7626181174187,2,4,34.4848836759708,17.220111608271516,169991.81489173212
2599.6379769127752,3,2,67.78260385727529,39.53790606420209,317646.2989282281
3710.7009435803275,5,1,22.146953603128672,4.060556155745138,643368.8286464217
2417.351570443324,4,4,51.9991792435314,36.16481962994991,307203.0875554078
2537.191121465399,2,2,3.3384105094736327,21.59204472417868,371160.88627550384
4032.233694673686,4,1,82.42797333878646,17.06094192187672,550391.1852542136
4649.836556174296,2,4,15.919449594153523,21.301187372350856,675958.6341037092
3736.35308835612,4,3,21.057843169132283,10.436259628824155,602031.7568737225
4456.546257697186,1,3,49.83463701804298,24.14473429076344,649982.9828636503
2795.476084629672,4,2,67.87762979716028,38.21951307311639,320875.2904515379
3478.8508302701894,3,3,13.09953041223768,3.1501004963298787,510994.04694399075
4778.73079357612,2,1,44.479284329150815,23.598919448685287,606182.7227267597
4482.982699363238,3,2,79.46834162454932,38.57557279422584,515014.5678945989
3566.6002117533776,1,2,52.65782067319223,30.228812146538804,495829.7289909764
1378.4605795666516,1,4,21.269285737512668,12.845224120082557,154192.6236653033
2033.1815216216626,1,2,80.65585062416032,46.528519467245644,136291.52554662406
1397.1687596982067,1,4,80.33987374457806,7.571363969191483,177043.48888908883
1429.5073607205277,1,4,20.929686048879116,8.767748034009406,255869.74440464796
2648.508689365047,4,2,80.96847586403668,4.259037651909186,452672.3895301569
4688.982501424061,5,2,93.77881153592837,22.479793792518358,700705.0560464055
2187.6503275931564,1,1,65.99085080142497,39.64220729802399,216741.0395368875
1230.7782154365796,4,3,58.74442352657664,20.180579697613933,110466.0089729595
4158.695265114551,3,4,95.8468661305596,15.258049791178113,606384.8611123903
3502.3578597670116,5,3,89.28163260597283,8.867779712861342,503370.56574433
4344.662335813386,2,1,19.121487872660058,18.721596111148894,650462.4241393135
1520.8108805177462,1,4,12.994318666953287,6.062609283275025,263002.99199248623
2386.969744589488,2,3,58.911958542310614,29.054081426844604,285363.5629893601
4852.336276743341,4,1,12.231751826072578,38.941896750934134,759003.1817484626
3708.6662095919523,5,4,8.580706689380369,46.15153583277418,527131.368091462
3215.0224501034636,5,1,28.02836953380381,35.682755234398584,492060.5185811031
3313.1166419122856,5,3,31.02440240073534,22.261475363597732,531337.9529332544
3442.1078353387734,1,3,79.51360015305066,12.583757312627085,385080.36234242184
2707.9256153539513,5,3,73.06670349520661,36.181444382959185,379012.0081592138
4715.83895407868,4,3,27.203663898033415,22.200660799863627,723030.1427492637
3935.0349085439884,3,2,29.964911841041374,40.817446711603,438743.5478399536
1516.0394358093777,3,1,8.404667681859268,16.842635061649993,328095.5299157429
2043.7929503969606,1,1,88.62646312537599,30.854610637757343,124325.26176127809
2376.354453037004,4,3,10.22439908039603,27.833704896242715,390493.9661108414
1725.6393287015323,1,4,99.97152789656256,6.875063455875515,203989.38084525216
3347.1284562786414,4,1,54.485600451942695,22.05338576245314,450275.6458914905
4243.387758003197,1,3,8.568997379835796,44.52803534496855,590554.0935913913
3946.722708626762,5,2,29.433932088267113,23.273840605309392,660381.1095061823
1880.6506140717115,2,1,54.563918628503316,39.7552344298533,201779.65931989913
3621.771124512797,2,4,5.7256262466218395,15.827162730510956,552693.5119273899
1356.0568733186406,2,1,64.4708711001841,21.744461962039683,147377.88935914877
2208.152377557596,3,3,2.4376779231426116,40.52648686570423,242242.61194831296
3172.4059364913496,3,1,12.811499480167566,24.41112718690271,467428.10799567844
1923.0281082268364,1,3,30.384725355086985,45.54849858165146,120214.81546539532
4809.085906688291,1,1,58.84810998507085,22.194295136085035,677840.9354123774
4178.025492293151,2,2,10.35228666345943,38.61266498529905,582463.5499625761
1938.6522578773188,4,1,37.65884718814253,4.3606764972790835,323142.16116315546
3241.0084161849677,5,3,96.05993602467603,34.36868445290434,329318.8934201956
2690.5546501210156,1,2,60.65479409055216,46.877006309906726,260324.95284856358
1256.5656339348918,3,3,73.61330648447583,12.535222704634226,175910.3353798664
2394.0474422344682,2,3,26.29500026672241,28.751280202724118,311488.2846185172
4703.783670737688,5,2,26.996887433451057,39.816081514871385,683047.1193136114
4190.001634792243,5,2,56.88135702359085,3.130376860693161,738400.7192194457
4143.20432514236,2,2,51.7554512747417,44.34062036711145,501746.2352886467
4514.595534861142,1,4,63.251412411466376,5.81678134023389,669427.3321399214
3993.3179635210618,4,2,1.2104942313668765,3.484118691879183,666325.1352008483
3880.847360650037,3,4,51.78250817364278,48.84670640500682,453468.38572790753
3420.2433931966793,2,4,28.16018487161869,16.99151227150376,483292.77383133466
2402.8391708498557,5,4,59.62419153182725,17.04314127466667,353801.2966723827
4388.8548208214415,5,3,89.15362304697568,30.13312750557401,531755.4548016647
2187.126602630881,2,1,21.09854356810983,32.09202178833645,226403.9340533759
3457.7834548065084,4,4,34.13700434492644,46.41130114281812,486352.22328616015
4368.46119112323,4,3,19.776781065792758,23.11087592418403,663112.9848614044
2114.3705934377235,3,3,27.426045669991396,6.634780395227475,364655.7235273076
3817.5604707956354,1,2,11.650773464898501,5.594415030376639,602021.8409761826
4397.16398674188,4,2,80.38335507111206,14.103919504832984,635450.9647839118
4093.3842747914723,1,2,3.999079153630236,30.624062394743024,436993.9809366433
2904.1751327593684,4,1,74.9311823462417,2.5136980174976222,432767.61016622785
2632.162302419453,3,3,84.85723911908354,7.490521133510047,448105.05580609315
3119.6977484857907,5,3,35.765825974052355,15.362837543272684,517206.62384383584
1810.231671356731,1,1,15.04508817094563,7.261928107583502,143923.22034166657
1779.779405614985,3,4,29.11968110022135,8.87003515322857,282079.08031634585
3647.736400926019,5,4,7.605054618969698,4.309311766335722,624832.4587880222
4756.171328564712,5,4,36.926848600051265,17.672775665371685,817145.7390002506
3185.7569671009396,5,1,90.4745567092883,33.467624873970955,394167.17361181823
4446.413578500058,5,3,69.58851572860138,14.003413873160515,671001.5021914975
3748.3272227625243,1,2,48.57129238512199,4.758997082751222,579713.2938220091
3814.750943194557,4,2,81.5616482238488,40.51659011842212,436247.10474964516
1781.808535915502,2,4,31.330101994990756,25.13357130953309,145116.01642074896
1923.9133674062195,3,2,41.680194739624014,25.27139201069032,285001.30829373904
3847.3021865540222,1,1,66.93675444084151,4.660225557334259,513551.6178864102
1892.4634140407845,3,4,38.03105731427675,28.95836660731218,283626.83993896795
3975.640517046453,3,1,92.59234352401751,47.256666877607564,405976.9308748495
1482.7335187348676,4,4,78.59794438073838,45.62679098285829,50519.40786406111
